rank,token_label,token_currency,token_issuer,dex_tx_count,amm_tx_count,clob_tx_count,overlap_tx_count,amm_unique_ledger_count
1,666,666,rhvf9fe6PP3GC8Bku2Ug7iQPjPDxYZfrxN,298378,235659,84395,21676,154895
2,RLUSD,524C555344000000000000000000000000000000,rMxCKbEDwqr76QuheSUMdEGf4B9xJ8m5De,124895,3328,123453,1886,2920
3,XRPBR,5852504252000000000000000000000000000000,rfnMuYiECGMAHUkZdDw5K1c7gVdoiqkmJC,82984,82983,2,1,62228
4,Fava,4661766100000000000000000000000000000000,rPhLHqVRvk2JiMCc3fw2PsJNdUgADFbWhE,54498,54489,22,13,19373
5,bull,62756C6C00000000000000000000000000000000,rwxrCZTjrxXmtYA6v6krDKjjFaRuUiAhvJ,54083,54083,0,0,54049
6,SHROOMIES,5348524F4F4D4945530000000000000000000000,r4M4TzSypz2gRdS86hTM7oFcSs6yRmEPKZ,45914,45896,23,5,44395
7,LESS,4C45535300000000000000000000000000000000,rDSkXt9C1fdGrgMoajRgM1SkGwHLy6Ckme,43348,0,43348,0,0
8,TURTLE,545552544C450000000000000000000000000000,r4un9YyAD1WRKwVHqZwND7grvZLRt3GHS3,41658,41658,3,3,14587
9,COBALT,434F42414C540000000000000000000000000000,rCoBALTd1RrJtGoiXJD4Am1TJh5qBAY2A,34362,22,34341,1,20
10,NXS,NXS,rNexusA23ZQdtejTCeHZZaiKoJRsrnXboq,32613,129,32491,7,97
11,FPT,FPT,rBXRBN9gSFE4qL6DGWYHgKCLtoMzUVL5cF,32611,220,32395,4,161
12,XHO,XHO,r9rCp6XCn3WiHWjMUs7c1GBZ85VsCFX4Ur,30942,122,30830,10,88
13,XRH,XRH,r9xu7pdBEx4DdiatMqAUFodgxaPkfFU1Zw,30809,99,30713,3,92
14,Opulence,4F70756C656E6365000000000000000000000000,rs5wxrBTSErywDDfPs5NY4Zorrca5QMGVd,30767,310,30500,43,250
15,3RDEYE,3352444559450000000000000000000000000000,rHjyBqFM5oQvXu1soWtATC4r1V6GBnhCQQ,30480,2143,28371,34,1647
16,XDawgs,5844617767730000000000000000000000000000,raKhUVtNw6B892bKtATUT3frX35oawfsey,30091,175,29923,7,161
17,SPY,SPY,rnmJEi7hzEL34R7x48e732qvSnmF5wsLtQ,29828,119,29712,3,91
18,589,589,rfcasq9uRbvwcmLFvc4ti3j8Qt1CYCGgHz,29127,4529,24648,50,2977
19,$RIPWALK,2452495057414C4B000000000000000000000000,rMiNfhnZujVw4Xbz2B4oyT6mb6sEuoBDAV,28747,126,28622,1,108
20,CBIRD,4342495244000000000000000000000000000000,rHcU3JWTp7fnea3xgvbV8pCbEp9S3HjSUz,27196,622,26579,5,482
21,XAH,XAH,rswh1fvyLqHizBS2awu1vs6QcmwTBd9qiv,26991,14074,13039,122,13112
22,ARMY,41524D5900000000000000000000000000000000,r319FqohpKLwjtcV2mosyC5sy125fDk4uH,26738,26737,1,0,26676
23,TAZZ,54415A5A00000000000000000000000000000000,rDyzRLTk4eqYMJ86esHK5HPs1QHTJzjXwC,26228,34,26196,2,33
24,XUSD,5855534400000000000000000000000000000000,rpsMREjEPnBMejecRyTUyn2CEdNyLj7nTp,25950,25611,359,20,13255
25,HELLO,48454C4C4F000000000000000000000000000000,rMMkGhGELrNxNd4AK6MgWNYXWFwFm6hDgW,25064,25052,28,16,9912
26,MALLARD,4D414C4C41524400000000000000000000000000,raaoPU9crbLGEFCMyh8moNH4gipsHJY3wN,23440,3044,20473,77,2176
27,AVATARD,4156415441524400000000000000000000000000,rnGfKKGFKhVy1tbjp5oumZihWoN6UsrHvB,22535,22534,4,3,7957
28,HAIC,4841494300000000000000000000000000000000,rsEXqMHTKDfGzncfJ25XtB9ZY8jayTv7N3,21042,21040,2,0,13724
29,ARMY,41524D5900000000000000000000000000000000,rGG3wQ4kUzd7Jnmk1n5NWPZjjut62kCBfC,20950,20891,387,328,7908
30,LIONS,4C494F4E53000000000000000000000000000000,rGHtf1GTfXEXSPxmZfnQrUMGUpajYqAuzS,20334,45,20291,2,42
31,SENT,53454E5400000000000000000000000000000000,rspYcqzdPTjaUPmWg9i1vK5LJLSyfJUpH4,19891,19889,16,14,18714
32,SOLO,534F4C4F00000000000000000000000000000000,rsoLo2S1kiGeCcn6hCUXVrCpGMWLrRrLZz,19702,12646,7830,774,9315
33,COOK,434F4F4B00000000000000000000000000000000,rNjUgFEoXaSCAck4xXhsEbCNWWHphFpRDP,19341,19338,8,5,7114
34,USDC,5553444300000000000000000000000000000000,rGm7WCVp9gb4jZHWTEtGUr4dd74z2XuWhE,18622,1369,17367,114,1216
35,NPS,NPS,rMGGhcxk1cH8tRCF5cLbXCTFmUwSNYYM2G,17063,17061,3,1,6495
36,Horizon,486F72697A6F6E00000000000000000000000000,rDKJWtrPqKiMBzK9FTVvebMVec7FJtJLx6,15743,15546,208,11,13090
37,FUZZY,46555A5A59000000000000000000000000000000,rhCAT4hRdi2Y9puNdkpMzxrdKa5wkppR62,15717,15050,1050,383,7525
38,BPUG,4250554700000000000000000000000000000000,rUjp8dVpWFr7WJa93uHjSN16fZgiJivPwa,15447,878,14586,17,630
39,CORE,434F524500000000000000000000000000000000,rcoreNywaoz2ZCQ8Lg2EbSLnGuRBmun6D,15138,8470,7362,694,7671
40,xSPECTAR,7853504543544152000000000000000000000000,rh5jzTCdMRCVjQ7LT6zucjezC47KATkuvv,15024,1822,13231,29,1368
41,CHAOS,4348414F53000000000000000000000000000000,rHEuNnbbiqyjhyr3bQkGf1GQ88KUndp7vb,14815,14815,0,0,5612
42,SDOG (Superdog),53444F4720285375706572646F67290000000000,rGbMXV9EG7fQ2iuXhzLDoSDbZDYUR9Vmbi,12478,12478,0,0,6061
43,PHNIX,50484E4958000000000000000000000000000000,rDFXbW2ZZCG5WgPtqwNiA2xZokLMm9ivmN,11011,10787,265,41,7357
44,EUROP,4555524F50000000000000000000000000000000,rMkEuRii9w9uBMQDnWV5AA43gvYZR9JxVK,10935,845,10170,80,831
45,WLO,WLO,rstjAWDiqKsUMhHqiJShRSkuaZ44TXZyDY,10833,10742,93,2,9855
46,aura,6175726100000000000000000000000000000000,rpjuvqrH37RGzb88UVibzCQYSNrM9FxJDy,10188,10181,10,3,7523
47,FELIX,46454C4958000000000000000000000000000000,rsCCLpiq87xAsXEAmmmpzBiDPGJHmTiHq7,9625,9625,0,0,4883
48,REN,REN,rfJaHW5KanrqDbpC8emVV9bUcemFk1EHVe,9405,12,9393,0,8
49,DROP,44524F5000000000000000000000000000000000,rszenFJoDdiGjyezQc8pME9KWDQH43Tswh,9099,9046,72,19,5489
50,Teddy,5465646479000000000000000000000000000000,r9Qk4VGodriw2xKLG9sRbTXWgknkz9TkDd,8920,256,8666,2,216
51,Fava,4661766100000000000000000000000000000000,r9gu97UDNkhnzRCzwZxBrxzHhEioaxtf3j,8542,8442,288,188,4695
52,IMM,IMM,rH1znLFaK7wtmDGRSu4WPEqHCuofuJHdHP,7857,7857,1,1,4712
53,CNY,CNY,rKiCet8SdvWxPXnAgYarFUXMh1zCPz432Y,7159,4619,3008,468,2503
54,DAB,DAB,rUjZYwUqkYnCphXBRMWsep8Zg47Cz41th1,6515,6371,212,68,4216
55,IDGAS,4944474153000000000000000000000000000000,r36VChSzV5TBNoVoaUJbFWSor3YtNSmEvk,6504,6502,3,1,3220
56,$BWTZ,244257545A000000000000000000000000000000,rrpQUEKXBBtRtxFNCGev1PTJ8FQn51GMHS,6290,6288,2,0,6218
57,BURN,4255524E00000000000000000000000000000000,rwgNTwrsZKPe7xYCy4emjFAYpgnuioHSkd,6225,6199,46,20,3041
58,BAPES,4241504553000000000000000000000000000000,rLUR2xrdeP77xUKW3S93jaA8k5h4JAwkix,6173,6168,9,4,2747
59,MAG,MAG,rXmagwMmnFtVet3uL26Q2iwk287SRvVMJ,5840,641,5257,58,620
60,Friends,467269656E647300000000000000000000000000,rP1RDrCKQ6uvNbdTEnMPW8D2dYVfVsKKte,5831,5635,212,16,3697
61,XMAS,584D415300000000000000000000000000000000,rQnrDqcTQVqzHmvMX94HjcnZHtRQgU5jw1,5331,4247,1509,425,2562
62,WBC,WBC,rnFdeZggmwKLXGaHvTL4aTwfEsPPXV5FHa,5064,4531,719,186,4443
63,gei,gei,raadqNCqPHhqpb5HEMBjbfFa21YYu9GWfW,4757,4754,5,2,2567
64,GOGH,474F474800000000000000000000000000000000,rhsfZQhdFzRq37bbgejamWVPZmd9a7RZGX,4648,4608,82,42,1993
65,OCCULT,4F4343554C540000000000000000000000000000,rcvLPmXSM6NXeaCWRUxzLQqoPcho4nWGy,4619,4602,42,25,2502
66,TXT,TXT,rTExTnvBr4Y315ZQDUdmeTitu7iPVqYPg,4415,4412,3,0,4349
67,XRPanther,585250616E746865720000000000000000000000,rPYHR4YsVjtm93Kqmk6WkfSPXJq9UfdjsY,4387,4387,2,2,343
68,RIBBLE,524942424C450000000000000000000000000000,rG7jT6D4fHsipvVmPSbcnvDtFzXwwSR4qx,4384,4384,0,0,3836
69,BITx,4249547800000000000000000000000000000000,rBitcoiNXev8VoVxV7pwoQx1sSfonVP9i3,4214,4165,57,8,3628
70,REAL,5245414C00000000000000000000000000000000,rKVyXn1AhqMTvNA9hS6XkFjQNn2VE8Nz88,4078,3813,433,168,2922
71,RLUSD,524C555344000000000000000000000000000000,rLUSDfDxGQ28Dn3ZtRSTzuqfzBaacRmNm8,3898,3898,0,0,1554
72,CASTLE,434153544C450000000000000000000000000000,rJkpCr5D35omjQSe1s1SeL21ufFwsrnuc7,3835,3833,67,65,2146
73,BANDIT,42414E4449540000000000000000000000000000,rpC6LnTaBMxUAVP8jpnYEzGSsvdZvweyoz,3814,3801,155,142,2029
74,ATM,ATM,raDZ4t8WPXkmDfJWMLBcNZmmSHmBC523NZ,3796,3772,46,22,2689
75,BOREDBOYSCLUB,424F524544424F5953434C554200000000000000,rLyWf7yyZj9uiF3b6XhagzY2XDWFHx3LJs,3736,3680,155,99,2533
76,XPM,XPM,rXPMxBeefHGxx2K7g5qmmWq3gFsgawkoa,3421,334,3137,50,300
77,FART,4641525400000000000000000000000000000000,rB9DxbhHgsKWuwEqDtA86UHmNefSysDsAH,3224,3223,3,2,2366
78,PNL,PNL,ra3Qc2ird413RYwtX433LciKJ3cXgJo8xQ,3132,2862,431,161,2211
79,FAVA,4641564100000000000000000000000000000000,rpd9TS3dzFDTo4mEG7p5MCXQrA9Z4MqfL4,3113,3100,42,29,1920
80,POWDER KEG,504F57444552204B454700000000000000000000,rwrsUT6ynqimffkxd6tAohFRDGHgGFmFjc,3018,3018,0,0,2604
81,PIGEONS,504947454F4E5300000000000000000000000000,rfQVVT7X5FynwK87EczgP2T8RQXmQcQSf,2970,2763,285,78,2236
82,FENRIR,46454E5249520000000000000000000000000000,rDy9JtWPvAJL4aL4D1zFL16j2wjxS1L5BX,2900,2894,16,10,2013
83,QZilla,515A696C6C610000000000000000000000000000,rUwZzhDKFLcgK87jeJumy5sfLk3XXKUDWh,2774,2774,0,0,2773
84,SOLANA,534F4C414E410000000000000000000000000000,rUDojN2LXbU3Z8UeaAVeRHpLn2TQt3nnrR,2740,2720,80,60,1907
85,FAFO,4641464F00000000000000000000000000000000,rNc4mEgUohwTEV7uiK1nurNE1BmZi9sPjS,2676,2669,19,12,1307
86,MOON,4D4F4F4E00000000000000000000000000000000,r3WPc1mesNcv7eEUZJc4UUaxCdvAcq4TRo,2556,2555,7,6,1564
87,BEAR,4245415200000000000000000000000000000000,rBEARGUAsyu7tUw53rufQzFdWmJHpJEqFW,2506,2406,128,28,1782
88,BERTA,4245525441000000000000000000000000000000,r96WFovuueDL4YXAxrAijSFP7hY1952zGy,2499,2499,0,0,1339
89,JESTER,4A45535445520000000000000000000000000000,rsax5bX1Z3ks7KBsApepAoCuX177aYAhwV,2496,2407,122,33,1622
90,XDX,XDX,rMJAXYsbNzhwp7FfYnAsYP5ty3R9XnurPo,2398,2355,55,12,829
91,CATVAX,4341545641580000000000000000000000000000,r3Dxjo8Atm6MqiJyaCXezSuktTzS9uKZ1i,2370,2370,0,0,900
92,$FLIPPY,24464C4950505900000000000000000000000000,rsENFmELvj92orrCKTkDTug53MzwsB7zBd,2357,2356,3,2,1408
93,SherPepe,5368657250657065000000000000000000000000,r9DDsqsG73ETWeSWZW3P758AaoVeFWiX69,2319,2309,25,15,1592
94,GOLD,474F4C4400000000000000000000000000000000,rMELDgMrr8nvbhnb8oiP5aHWakqPJLh5Rn,2159,2113,62,16,1075
95,SILVER,53494C5645520000000000000000000000000000,rMELDgMrr8nvbhnb8oiP5aHWakqPJLh5Rn,2144,2123,25,4,1032
96,Serenity,536572656E697479000000000000000000000000,rNBJNmRBFSyzwfxbsyBx49FqN6sZy74YLz,2099,2099,0,0,1625
97,mXRP,6D58525000000000000000000000000000000000,rfmS3zqrQrka8wVyhXifEeyTwe8AMz2Yhw,2077,90,1987,0,71
98,XIO,XIO,rfuzioNFTKArnU1PQD5BEF272vpbHMRoxU,2058,300,1808,50,204
99,BiteCoin,42697465436F696E000000000000000000000000,rpvmeBVhN5XiBj4Ss8qDiu3ab5wR7a92QW,2006,1996,27,17,1176
100,USD,USD,rKiCet8SdvWxPXnAgYarFUXMh1zCPz432Y,1999,335,1913,249,326
